{
  "complexity": {
    "average": 1.596774193548387,
    "maximum": 5,
    "total_blocks": 62
  },
  "maintainability": {
    "average": 83.91194953490366,
    "rank": "A"
  },
  "statistics": {
    "loc": 683,
    "sloc": 398,
    "comments": 118,
    "blank": 164,
    "comment_ratio": 0.2964824120603015
  },
  "dead_code": 0,
  "quality_score": 100
}
